{"cameraMode":{"drawMode":0,"name":"Shaded","section":"Shading Mode"},"sceneLighting":true,"audioPlay":false,"sceneViewState":{"m_AlwaysRefresh":false,"showFog":true,"showSkybox":true,"showFlares":true,"showImageEffects":true,"showParticleSystems":true,"showVisualEffectGraphs":true,"m_FxEnabled":true},"in2DMode":false,"pivot":{"x":1.671521782875061,"y":-51.610450744628909,"z":176.23239135742188},"rotation":{"x":-0.15266971290111543,"y":-0.0035488870926201345,"z":0.0005562538863159716,"w":-0.9879643321037293},"size":88.0647964477539,"orthographic":false}