{"cameraMode":{"drawMode":0,"name":"Shaded","section":"Shading Mode"},"sceneLighting":true,"audioPlay":false,"sceneViewState":{"m_AlwaysRefresh":false,"showFog":true,"showSkybox":true,"showFlares":true,"showImageEffects":true,"showParticleSystems":true,"showVisualEffectGraphs":true,"m_FxEnabled":true},"in2DMode":false,"pivot":{"x":3.302640199661255,"y":34.15614318847656,"z":-5.739977836608887},"rotation":{"x":0.6671535968780518,"y":-0.005884530022740364,"z":0.0064394352957606319,"w":0.7442793846130371},"size":2.4804863929748537,"orthographic":false}