{"cameraMode":{"drawMode":0,"name":"Shaded","section":"Shading Mode"},"sceneLighting":true,"audioPlay":false,"sceneViewState":{"m_AlwaysRefresh":false,"showFog":true,"showSkybox":true,"showFlares":true,"showImageEffects":true,"showParticleSystems":true,"showVisualEffectGraphs":true,"m_FxEnabled":true},"in2DMode":false,"pivot":{"x":-14.460603713989258,"y":-11.548434257507325,"z":11.605759620666504},"rotation":{"x":0.42504367232322695,"y":0.04668140783905983,"z":-0.021197140216827394,"w":0.9032011032104492},"size":14.236686706542969,"orthographic":false}